variant,rep,rows,target_percent,data_s,optimizer_s,end_to_end_s
v21,1,5000,0.000500000,0.003331980,0.843096526,0.846439157
v22,1,5000,0.000500000,0.002778322,0.651103429,0.653888847
v23,1,5000,0.000500000,0.003340514,0.333604910,0.336949660
v21,2,5000,0.000500000,0.004363002,0.711130019,0.715502863
v22,2,5000,0.000500000,0.002416689,0.379562575,0.381983254
v23,2,5000,0.000500000,0.002492909,0.288867417,0.291364277
v21,3,5000,0.000500000,0.003588187,0.824726553,0.828318983
v22,3,5000,0.000500000,0.002386688,0.634595257,0.636985931
v23,3,5000,0.000500000,0.002471152,0.352294464,0.354769616
v21,4,5000,0.000500000,0.002555523,0.757304425,0.759863977
v22,4,5000,0.000500000,0.002409272,0.393025648,0.395442398
v23,4,5000,0.000500000,0.002401646,0.285784048,0.288189901
v21,5,5000,0.000500000,0.002721923,0.725339257,0.728065244
v22,5,5000,0.000500000,0.002617524,0.528340463,0.530962154
v23,5,5000,0.000500000,0.002460321,0.257905600,0.260370298
v21,6,5000,0.000500000,0.002541964,0.741034884,0.743580990
v22,6,5000,0.000500000,0.002331897,0.383745063,0.386083105
v23,6,5000,0.000500000,0.002408979,0.264009939,0.266425516
v21,7,5000,0.000500000,0.002561712,0.690478743,0.693044580
v22,7,5000,0.000500000,0.002574227,0.341980037,0.344558296
v23,7,5000,0.000500000,0.003915111,0.275600967,0.279525161
v21,8,5000,0.000500000,0.002439712,0.681797623,0.684241385
v22,8,5000,0.000500000,0.003134296,0.391262771,0.394401409
v23,8,5000,0.000500000,0.005086341,0.273833368,0.278924079
v21,9,5000,0.000500000,0.002550387,0.655045850,0.657603787
v22,9,5000,0.000500000,0.002758319,0.393229898,0.395997101
v23,9,5000,0.000500000,0.002982799,0.279333309,0.282320159
v21,10,5000,0.000500000,0.002498118,0.694760534,0.697266559
v22,10,5000,0.000500000,0.002521934,0.382684078,0.385210068
v23,10,5000,0.000500000,0.002598078,0.342111538,0.344717157
v21,1,5000,0.001000000,0.002453653,0.359904025,0.362365196
v22,1,5000,0.001000000,0.002755678,0.259369395,0.262129242
v23,1,5000,0.001000000,0.002903801,0.163044903,0.165952921
v21,2,5000,0.001000000,0.003131956,0.354089695,0.357225775
v22,2,5000,0.001000000,0.002987796,0.191823036,0.194814748
v23,2,5000,0.001000000,0.002618788,0.146232125,0.148859295
v21,3,5000,0.001000000,0.005174404,0.333389768,0.338568392
v22,3,5000,0.001000000,0.002765212,0.245957538,0.248726947
v23,3,5000,0.001000000,0.002750564,0.142214994,0.144973124
v21,4,5000,0.001000000,0.003185238,0.437605090,0.440794331
v22,4,5000,0.001000000,0.002326566,0.195290000,0.197620586
v23,4,5000,0.001000000,0.002642610,0.113207311,0.115854175
v21,5,5000,0.001000000,0.002443549,0.428531014,0.430978580
v22,5,5000,0.001000000,0.002676640,0.208413653,0.211094409
v23,5,5000,0.001000000,0.002928529,0.147228761,0.150166857
v21,6,5000,0.001000000,0.002618868,0.364115787,0.366738888
v22,6,5000,0.001000000,0.002389072,0.247576397,0.249969310
v23,6,5000,0.001000000,0.002442849,0.138639985,0.141086878
v21,7,5000,0.001000000,0.002768602,0.335785410,0.338562096
v22,7,5000,0.001000000,0.002459206,0.243281743,0.245744827
v23,7,5000,0.001000000,0.002679847,0.134944597,0.137632000
v21,8,5000,0.001000000,0.002449017,0.370102291,0.372557239
v22,8,5000,0.001000000,0.002497148,0.237097919,0.239603076
v23,8,5000,0.001000000,0.003081507,0.140678840,0.143764526
v21,9,5000,0.001000000,0.002633796,0.356989164,0.359629846
v22,9,5000,0.001000000,0.002383430,0.230784753,0.233174443
v23,9,5000,0.001000000,0.003178098,0.121998968,0.125185068
v21,10,5000,0.001000000,0.002447908,0.351384933,0.353837017
v22,10,5000,0.001000000,0.002505918,0.195734725,0.198245011
v23,10,5000,0.001000000,0.002439080,0.133321950,0.135766583
v21,1,20000,0.000500000,0.011127315,3.198819263,3.209951191
v22,1,20000,0.000500000,0.014304284,1.336872198,1.351185974
v23,1,20000,0.000500000,0.010000806,1.025999304,1.036004380
v21,2,20000,0.000500000,0.011974655,3.314104946,3.326084278
v22,2,20000,0.000500000,0.010145332,1.242105576,1.252255139
v23,2,20000,0.000500000,0.009824447,1.059653997,1.069482546
v21,3,20000,0.000500000,0.010926419,3.406535159,3.417471338
v22,3,20000,0.000500000,0.009758663,1.345131634,1.354894786
v23,3,20000,0.000500000,0.010111547,1.044673206,1.054789156
v21,4,20000,0.000500000,0.010209532,3.175706106,3.185920145
v22,4,20000,0.000500000,0.010953062,1.283059323,1.294016937
v23,4,20000,0.000500000,0.009674537,1.028494305,1.038178026
v21,5,20000,0.000500000,0.009455522,3.274356345,3.283818977
v22,5,20000,0.000500000,0.009920269,1.374422312,1.384346895
v23,5,20000,0.000500000,0.009582304,1.006741103,1.016327565
v21,6,20000,0.000500000,0.009537171,3.446448730,3.455994234
v22,6,20000,0.000500000,0.011941007,1.947821051,1.959766691
v23,6,20000,0.000500000,0.012939199,1.121574843,1.134518435
v21,7,20000,0.000500000,0.009807068,3.205833940,3.215649853
v22,7,20000,0.000500000,0.016215413,1.257122676,1.273342218
v23,7,20000,0.000500000,0.009561516,1.055969618,1.065539884
v21,8,20000,0.000500000,0.018910158,3.213280452,3.232195152
v22,8,20000,0.000500000,0.009806211,1.324288671,1.334099352
v23,8,20000,0.000500000,0.009660284,1.055848113,1.065512739
v21,9,20000,0.000500000,0.009453427,3.303271487,3.312732326
v22,9,20000,0.000500000,0.009897437,1.393685557,1.403587713
v23,9,20000,0.000500000,0.024493161,1.045343368,1.069840764
v21,10,20000,0.000500000,0.024502099,6.218598889,6.243105264
v22,10,20000,0.000500000,0.010981213,4.920003399,4.930988842
v23,10,20000,0.000500000,0.013183916,0.993419341,1.006607820
v21,1,20000,0.001000000,0.012346108,1.022694960,1.035051834
v22,1,20000,0.001000000,0.011380111,0.985341869,0.996726406
v23,1,20000,0.001000000,0.010815137,0.499670503,0.510495254
v21,2,20000,0.001000000,0.015598901,1.104085985,1.119696853
v22,2,20000,0.001000000,0.012249700,0.829146307,0.841400234
v23,2,20000,0.001000000,0.009811548,0.542182278,0.551998378
v21,3,20000,0.001000000,0.010836769,1.017856632,1.028703059
v22,3,20000,0.001000000,0.014037315,0.768873432,0.782915181
v23,3,20000,0.001000000,0.029208096,0.535081467,0.564301009
v21,4,20000,0.001000000,0.013988799,0.978497754,0.992490842
v22,4,20000,0.001000000,0.017540103,0.706191844,0.723743347
v23,4,20000,0.001000000,0.023088228,0.451606732,0.474699202
v21,5,20000,0.001000000,0.009575221,1.014577883,1.024157329
v22,5,20000,0.001000000,0.009803704,0.739397022,0.749204669
v23,5,20000,0.001000000,0.010236875,0.488827829,0.499069045
v21,6,20000,0.001000000,0.012673036,0.950330985,0.963008209
v22,6,20000,0.001000000,0.010852895,0.723069856,0.733927083
v23,6,20000,0.001000000,0.013700455,0.542767224,0.556471847
v21,7,20000,0.001000000,0.014156004,1.145957587,1.160118010
v22,7,20000,0.001000000,0.022828591,0.756850338,0.779689146
v23,7,20000,0.001000000,0.011064232,0.523532543,0.534601056
v21,8,20000,0.001000000,0.013764816,1.168912171,1.182686450
v22,8,20000,0.001000000,0.014731453,0.829119217,0.843855021
v23,8,20000,0.001000000,0.009978606,0.773258495,0.783245827
v21,9,20000,0.001000000,0.015129140,1.381045749,1.396179070
v22,9,20000,0.001000000,0.011294854,1.475615535,1.486920086
v23,9,20000,0.001000000,0.010115758,0.469941026,0.480061245
v21,10,20000,0.001000000,0.012555267,0.983511225,0.996070874
v22,10,20000,0.001000000,0.010445557,0.710247979,0.720697637
v23,10,20000,0.001000000,0.009378843,0.497897416,0.507280333
v21,1,100000,0.000500000,0.057590768,10.038113635,10.095718297
v22,1,100000,0.000500000,0.054401311,6.359885248,6.414291079
v23,1,100000,0.000500000,0.052833502,3.734668789,3.787506808
v21,2,100000,0.000500000,0.058990053,11.230640134,11.289634532
v22,2,100000,0.000500000,0.058571986,7.014453597,7.073030075
v23,2,100000,0.000500000,0.051578582,3.689674034,3.741257181
v21,3,100000,0.000500000,0.067987902,9.541957967,9.609957283
v22,3,100000,0.000500000,0.068874329,6.916052011,6.984930650
v23,3,100000,0.000500000,0.071397840,4.876427829,4.947830708
v21,4,100000,0.000500000,0.050379093,9.364170225,9.414553684
v22,4,100000,0.000500000,0.050078740,7.339619886,7.389710261
v23,4,100000,0.000500000,0.054656060,3.541572538,3.596233211
v21,5,100000,0.000500000,0.062779980,9.324628226,9.387412594
v22,5,100000,0.000500000,0.057858000,6.636335418,6.694197688
v23,5,100000,0.000500000,0.055579437,3.554783360,3.610372139
v21,6,100000,0.000500000,0.065240462,13.149529128,13.214778265
v22,6,100000,0.000500000,0.066218007,6.728493016,6.794719868
v23,6,100000,0.000500000,0.053294208,3.361882565,3.415188013
v21,7,100000,0.000500000,0.058255216,9.352640457,9.410900017
v22,7,100000,0.000500000,0.056202242,6.523841905,6.580048622
v23,7,100000,0.000500000,0.054834839,4.000016826,4.054863097
v21,8,100000,0.000500000,0.060000383,9.181569084,9.241573980
v22,8,100000,0.000500000,0.053591361,7.242575915,7.296172211
v23,8,100000,0.000500000,0.055520884,3.495265726,3.550791244
v21,9,100000,0.000500000,0.054179569,9.209521057,9.263709234
v22,9,100000,0.000500000,0.054523987,6.367989285,6.422523581
v23,9,100000,0.000500000,0.058786610,3.418651200,3.477471578
v21,10,100000,0.000500000,0.051086635,9.908479633,9.959570648
v22,10,100000,0.000500000,0.079096140,6.968608873,7.047712321
v23,10,100000,0.000500000,0.052575537,3.445714028,3.498294012
v21,1,100000,0.001000000,0.053856352,4.004039013,4.057905239
v22,1,100000,0.001000000,0.052886320,2.888686058,2.941576951
v23,1,100000,0.001000000,0.049977378,1.939552590,1.989579743
v21,2,100000,0.001000000,0.062946675,3.492934952,3.555886539
v22,2,100000,0.001000000,0.052752365,2.885249413,2.938006493
v23,2,100000,0.001000000,0.055197758,1.899138077,1.954340315
v21,3,100000,0.001000000,0.051028807,3.563003250,3.614043610
v22,3,100000,0.001000000,0.077197378,3.267206128,3.344414209
v23,3,100000,0.001000000,0.053663276,2.014604694,2.068281799
v21,4,100000,0.001000000,0.053112333,3.778111479,3.831228647
v22,4,100000,0.001000000,0.063149800,3.854975236,3.918129784
v23,4,100000,0.001000000,0.062843618,2.553210282,2.616058442
v21,5,100000,0.001000000,0.050976789,4.023127446,4.074117219
v22,5,100000,0.001000000,0.051098803,2.898739581,2.949848764
v23,5,100000,0.001000000,0.062991536,2.086835208,2.149831307
v21,6,100000,0.001000000,0.058473674,4.262181111,4.320659338
v22,6,100000,0.001000000,0.051021724,2.917098846,2.968125249
v23,6,100000,0.001000000,0.084695255,2.088254942,2.172954784
v21,7,100000,0.001000000,0.054582067,3.545657224,3.600249242
v22,7,100000,0.001000000,0.056115159,3.429661427,3.485781070
v23,7,100000,0.001000000,0.048492714,1.941054640,1.989558443
v21,8,100000,0.001000000,0.060014747,4.014357473,4.074382950
v22,8,100000,0.001000000,0.049394050,2.849027257,2.898426117
v23,8,100000,0.001000000,0.057522452,1.939265489,1.996801993
v21,9,100000,0.001000000,0.054927662,3.620484115,3.675426653
v22,9,100000,0.001000000,0.056522024,2.876527572,2.933060218
v23,9,100000,0.001000000,0.054894859,2.039771460,2.094670518
v21,10,100000,0.001000000,0.053130856,3.656555571,3.709690857
v22,10,100000,0.001000000,0.049272123,2.917739458,2.967022648
v23,10,100000,0.001000000,0.052693189,1.967823285,2.020521174
